text,category
Olympic team announces squad,Sports
Election campaign gains momentum,Politics
Stock market reaches record high,Business
AI model released by tech company,Technology
Tennis player wins championship,Sports
Election campaign gains momentum,Politics
Bank introduces new loan scheme,Business
Cybersecurity update announced,Technology
Football league starts next week,Sports
Minister addresses economic reforms,Politics
Retail sales increase this quarter,Business
Cybersecurity update announced,Technology
Olympic team announces squad,Sports
New law approved by cabinet,Politics
Stock market reaches record high,Business
Cybersecurity update announced,Technology
Tennis player wins championship,Sports
New law approved by cabinet,Politics
Company reports strong profits,Business
Software company unveils innovation,Technology
Football league starts next week,Sports
Parliament passes education bill,Politics
Startup raises investment funding,Business
New smartphone launched,Technology
Tennis player wins championship,Sports
Government announces new policy,Politics
Stock market reaches record high,Business
Software company unveils innovation,Technology
Olympic team announces squad,Sports
Election campaign gains momentum,Politics
Bank introduces new loan scheme,Business
Cloud platform adds features,Technology
Tennis player wins championship,Sports
Parliament passes education bill,Politics
Startup raises investment funding,Business
Software company unveils innovation,Technology
Basketball team secures victory,Sports
Government announces new policy,Politics
Stock market reaches record high,Business
AI model released by tech company,Technology
Olympic team announces squad,Sports
Election campaign gains momentum,Politics
Retail sales increase this quarter,Business
New smartphone launched,Technology
India won the cricket match,Sports
New law approved by cabinet,Politics
Startup raises investment funding,Business
Cybersecurity update announced,Technology
India won the cricket match,Sports
Election campaign gains momentum,Politics
Bank introduces new loan scheme,Business
Software company unveils innovation,Technology
India won the cricket match,Sports
Election campaign gains momentum,Politics
Stock market reaches record high,Business
Cybersecurity update announced,Technology
Tennis player wins championship,Sports
Election campaign gains momentum,Politics
Startup raises investment funding,Business
AI model released by tech company,Technology
Basketball team secures victory,Sports
Government announces new policy,Politics
Stock market reaches record high,Business
Cybersecurity update announced,Technology
Football league starts next week,Sports
Government announces new policy,Politics
Stock market reaches record high,Business
New smartphone launched,Technology
India won the cricket match,Sports
Parliament passes education bill,Politics
Startup raises investment funding,Business
Cybersecurity update announced,Technology
India won the cricket match,Sports
Minister addresses economic reforms,Politics
Stock market reaches record high,Business
Software company unveils innovation,Technology
Basketball team secures victory,Sports
Election campaign gains momentum,Politics
Bank introduces new loan scheme,Business
Cloud platform adds features,Technology
India won the cricket match,Sports
Minister addresses economic reforms,Politics
Bank introduces new loan scheme,Business
Cybersecurity update announced,Technology
Olympic team announces squad,Sports
Election campaign gains momentum,Politics
Startup raises investment funding,Business
Software company unveils innovation,Technology
Tennis player wins championship,Sports
New law approved by cabinet,Politics
Company reports strong profits,Business
New smartphone launched,Technology
India won the cricket match,Sports
Minister addresses economic reforms,Politics
Stock market reaches record high,Business
Cybersecurity update announced,Technology
Basketball team secures victory,Sports
Government announces new policy,Politics
Retail sales increase this quarter,Business
New smartphone launched,Technology
